elapsed_time,user_time,sys_time,max_memory,command,num_samples,num_mutations,num_edges,version,sequence_length
973.8567590070888,3349.22,134.85,7418339328,match_ancestors,1000,423941,976291,0.5.0,100000000.0
41.56706468760967,673.5699999999997,2.0,7676272640,match_samples,1000,423941,976291,0.5.0,100000000.0
2058.5353690916672,18137.489999999998,74.18,18934394880,match_ancestors,10000,545437,1368503,0.5.0,100000000.0
394.13434107322246,10784.590000000004,22.75,18934394880,match_samples,10000,545437,1368503,0.5.0,100000000.0
4815.576836062595,146060.72000000003,762.8600000000001,114921644032,match_ancestors,100000,663276,1909065,0.5.0,100000000.0
4342.2171811191365,174053.09,556.8299999999999,114921644032,match_samples,100000,663276,1909065,0.5.0,100000000.0
