elapsed_time,user_time,sys_time,max_memory,command,num_samples,num_mutations,num_edges,version,sequence_length
1087.8754228595644,9186.28,185.83,8611352576,match_ancestors,1000,423944,980664,0.4.1,100000000.0
52.85886853374541,4973.18,2.5900000000000034,10543099904,match_samples,1000,423944,980664,0.4.1,100000000.0
3090.4468732010573,153998.21,83.73999999999998,21340274688,match_ancestors,10000,545508,1393606,0.4.1,100000000.0
782.648563076742,126066.74999999997,29.379999999999995,22319984640,match_samples,10000,545508,1393606,0.4.1,100000000.0
9917.179136454128,830867.88,818.51,115802689536,match_ancestors,100000,663248,1926255,0.4.1,100000000.0
10566.805879716761,1849995.8,624.75,115802689536,match_samples,100000,663248,1926255,0.4.1,100000000.0
